"Sample","Peak number","Factor","Frequency","Key","Correction"
"(85)",0,1,899.039,81,-37
"(85)",1,0.903051,849.242,80,-38
"(85)",2,0.66306,895.001,81,-29
"(85)",3,0.585626,903.076,81,-45
"(85)",4,0.575905,853.279,80,-47
"(85)",5,0.545429,845.204,80,-30
"(85)",6,0.31579,890.963,81,-21
"(85)",7,0.265045,908.46,82,45
"(85)",8,0.250863,857.317,81,45
"(85)",9,0.250578,841.166,80,-22